"id","include","excl","primary","role"
"W3205382757","0","E1","-","-"
"W4403225486","0","E1","-","-"
"W7170872646","0","E5","-","-"
"W4361276501","1","-","S","INFO"
"W7128743934","0","E5","-","-"
"W4412376782","1","-","O","INFO"
"W4410286859","1","-","O","REC"
"W4394011443","1","-","T","INFO"
"W7118183568","0","E2","-","-"
"W4391124956","0","E1","-","-"
"W4409242122","1","-","O","INFO"
"W7172334027","1","-","O","REC"
"W3037097725","0","E1","-","-"
"W2772360906","0","E5","-","-"
"W4414167221","0","E3","-","-"
"W4415615792","0","E5","-","-"
"W4404839564","0","E5","-","-"
"W4391150604","0","E5","-","-"
"W7170175903","0","E5","-","-"
"W7126435698","0","E1","-","-"
"W7115913671","0","E5","-","-"
"W4411804538","1","-","O","INFO"
"W4396700679","0","E5","-","-"
"W4313572030","0","E1","-","-"
"W4414259101","1","-","T","INFO"
"W4310349955","1","-","T","REC"
"W3204902099","1","-","O","REC"
"W4312273647","0","E5","-","-"
"W4405808788","1","-","O","INFO"
"W4377023566","1","-","O","INFO"
"W4413861474","0","E5","-","-"
"W4254737069","1","-","T","REC"
"W4399535001","1","-","O","INFO"
"W7203967734","1","-","T","INFO"
"W4411056924","1","-","O","INFO"
"W4391432493","0","E5","-","-"
"W3202659456","0","E5","-","-"
"W4396604392","1","-","O","INFO"
"W3008482289","0","E6","-","-"
"W4388002499","1","-","T","REC"
