eid	doi	year	type	source	cited	authors	title
2-s2.0-105043950160	10.1007/s10791-026-10342-3	2026	Article	Discover Computing	0	Tuyishime, K.; Adewusi, M.A.; Mutesi, W.; Ahakundire, P.	Machine learning prediction of goat reproductive success in smallholder farming systems
2-s2.0-105039261675	10.1007/s43621-026-03086-z	2026	Article	Discover Sustainability	1	Paul, L.; Yadav, V.K.; Bhowmik, T.; Deo, A.; Sharma, A.	IoT and ML for identification and behavioural analysis in shrimp aquaculture
2-s2.0-105038570312	10.31893/multirev.2026523	2026	Review	Multidisciplinary Reviews	0	Vargas Agudelo, F.A.; Giraldo Mejía, J.C.; Delgado Gonzáles, I.A.; Montoya, D.M.; Larrea, O.L.	Knowledge-based systems to detect and mitigate cyberattacks on blockchains: A literature review
2-s2.0-105048596680	10.55938/ijgasr.v5i3.493	2026	Article	International Journal for Global Academic and Scientific Research	0	Chauhan, N.; Sharma, D.; Tomar, G.S.	Evaluating Tree-Based Machine Learning Regression Models for Crop Yield Prediction Using Indian Agricultural Data
2-s2.0-105050159854		2026	Article	Natural Resources for Human Health	0	Chaithra, K.N.; Chamkur, V.D.; Sudhakara, K.; Lohith, C.; Raghu, P.	Digital Twins of Farms for Optimized Resource Management
2-s2.0-105047469511	10.70102/AEJ.2026.18.3s.82	2026	Review	Journal of Animal Environment	0	Roy, L.; Sharma, A.; Hooda, R.C.	AnimalCare Intelligence Model for Predicting Livestock Health Risks Using Behavioral and Environmental Parameters
2-s2.0-105049685171	10.5935/jetia.v12i60.3792	2026	Article	Journal of Engineering and Technology for Industrial Applications	0	Manoj Praveen, V.; Mahendrakumar, S.; Dhanapal, R.; Kayalvili, S.; Marisamy, K.	FROM TRACEABILITY TO PREDICTIVE INTELLIGENCE: A SYSTEMATIC–NARRATIVE REVIEW OF IOT, BLOCKCHAIN, AND AI IN AGRICULTURE
2-s2.0-105047208645	10.70102/AEJ.2026.18.2s.74	2026	Article	Journal of Animal Environment	0	Bhardwaj, N.; Goyal, S.; Anitha, M.; Islam, S.; Qandova, F.	Artificial Intelligence-Based Decision Support System for Sustainable Animal Environment Management and Welfare Assessment
2-s2.0-105047441959	10.70102/AEJ.2026.18.2s.91	2026	Article	Journal of Animal Environment	0	Sairam, K.; Gote, A.C.; Chaudhari, L.B.; Bhardwaj, R.; Anjum, F.	Climate-Smart Livestock Management Using Reinforcement Learning and Environmental Sensor Networks
2-s2.0-105047206620	10.70102/AEJ.2026.18.2s.77	2026	Article	Journal of Animal Environment	0	E, S.; Das, S.; Kalele, G.; Kushwaha, A.; Djurayev, T.	Smart Livestock Farms: Integrating IoT, AI, and Environmental Management for Sustainable Animal Production
2-s2.0-105047466538	10.70102/AEJ.2026.18.2s.89	2026	Article	Journal of Animal Environment	0	Syed, R.; Khatri, A.; Dwivedi, K.; Agnihotri, G.; Chaubey, A.	AI-Assisted Regulatory Compliance Framework for Animal Welfare and Environmental Protection Laws
2-s2.0-105047223444	10.70102/AEJ.2026.18.2s.82	2026	Article	Journal of Animal Environment	0	Antonibiya, S.; Malhotra, A.; Ziyavitdinova, G.; Shukla, S.; Chandana, P.	Machine Learning-Based Prediction of Greenhouse Gas Emissions from Livestock Farming Systems
2-s2.0-105048261912	10.59543/jidmis.v3.1724	2026	Article	Journal of Intelligent Decision Making and Information Science	0	Kaur, M.	Computer Vision Approaches For Smart Farming: Yield Prediction and Monitoring
2-s2.0-105043042101	10.17512/pjms.2026.33.1.10	2026	Article	Polish Journal of Management Studies	0	Krishnasamy, J.R.; Nawaz, N.; Singh Dharmaraj, S.; Srinivasagam, P.D.; Anandhan, H.	AI IN FOOD SUPPLY CHAIN MANAGEMENT: A COMPREHENSIVE ANALYSIS
2-s2.0-105044528555	10.70917/ijcisim-2026-1956	2026	Article	International Journal of Computer Information Systems and Industrial Management Applications	0	Bankhele, N.B.; Labade, R.P.; Chaudhari, S.V.	DEEP LEARNING AND PHYSIOLOGICAL FEATURE MODELING FOR PLANT GROWTH ESTIMATION BASED ON THERMAL IMAGING
2-s2.0-105041995970	10.11591/ijai.v15.i3.pp2300-2313	2026	Article	Iaes International Journal of Artificial Intelligence	0	Ovalle, C.; Jimenez, J.G.; Zuñiga, J.B.	Comparing global and variety-specific ensemble models for avocado maturity prediction with near-infrared
2-s2.0-105036405629	10.15586/ijfs.v38i2.3525	2026	Review	Italian Journal of Food Science	4	Uzunov, R.; Angeleska, A.	Artificial intelligence (AI) in food safety and quality: New approach, advantages, and disadvantages
2-s2.0-105035025717	10.5815/ijigsp.2026.02.12	2026	Article	International Journal of Image Graphics and Signal Processing	0	Kulkarni, A.; Pathrabe, S.; Gupta, H.; Birajdar, G.K.; Chaudhari, S.	Classification and Shelf Life Prediction of Bananas Using Thermal Imaging with Vision Transformer and Random Forest
2-s2.0-105034569082	10.3168/jds.2025-27564	2026	Article	Journal of Dairy Science	0	Mouhanna, A.; Rey-Cadilhac, L.; Berton, M.; Heirbaut, S.; De Smet, S.	Machine learning to understand relationships between farm practices and milk fatty acids across diverse European dairy farms
2-s2.0-105024892429	10.1039/d5fb00519a	2026	Article	Sustainable Food Technology	4	Singh, N.; Biswas, R.; Banerjee, M.	Life cycle carbon accounting and waste valorisation in litchi supply chains for climate-resilient food systems
2-s2.0-105041333519	10.22090/jwent.2026.2086817.2076	2026	Article	Journal of Water and Environmental Nanotechnology	1	Ma’mani, L.; Salahshour, S.; Yousefibaseri, Z.; Kaboodi, Z.	From Artificial Intelligence to Intelligent Nanoagriculture: A Systematic Review on AI-Powered Agriculture and Future Perspective on AI-Driven Nanoagriculture
2-s2.0-105033720959	10.58346/JISIS.2026.I1.019	2026	Article	Journal of Internet Services and Information Security	0	Saivijayalakshmi, J.; Ziyath, S.P.M.; Ayyanathan, N.	Forecasting Regional Coffee Demand by Comparative Analysis of Various Machine Learning Techniques, Along with Supply Chain Optimization
2-s2.0-105043420158	10.14719/pst.11454	2026	Article	Plant Science Today	0	Lykhovyd, P.; Hranovska, L.; Averchev, O.; Rudik, O.; Maksymov, D.	Prediction of agricultural crop yields based on spatial vegetation indices and machine learning
2-s2.0-105044349668	10.1109/TII.2026.3703995	2026	Article	IEEE Transactions on Industrial Informatics	0	Lappas, P.Z.; Vasileiou, M.	An Integrated Early Warning and Decision Support Framework for Food Fraud Detection in Diary Supply Chains: The Case Study of PDO Feta Cheese
2-s2.0-105042564837	10.62527/joiv.10.3.4548	2026	Article	International Journal on Informatics Visualization	0	Magdalena, L.; Hatta, M.; Suwandi; Kuraesin, S.; Dewi, A.S.N.	Optimizing Adaptive Supply Chain Strategies Uncertain Demand Planning through Deep Learning-Based Reinforcement Models
2-s2.0-105044671055	10.24263/2304-974X-2026-15-2-17	2026	Article	Ukrainian Food Journal	0	Kılıç, A.; Hendek, M.; Uslu, D.	Bibliometric analysis of artificial intelligence applications in food quality control and safety
2-s2.0-105044342493	10.1109/TEM.2026.3710342	2026	Article	IEEE Transactions on Engineering Management	0	Aludogbu, P.; Chavez, M.; Tarei, P.K.; Ramos, E.; Pimentel, V.	Artificial Intelligence and Blockchain for Achieving Supply Chain Resilience and Sustainability: An Empirical Investigation in the Peruvian Coffee Supply Chain
2-s2.0-105030709547	10.4018/IJABIM.401116	2026	Article	International Journal of Asian Business and Information Management	1	Gong, Z.; Shi, J.; Gao, D.; Fu, P.; Zhao, J.	Leveraging Agricultural Supply Chain Resilience With Digital Transformation in “A Company+Farmers” Mode: From the Perspective of Dynamic Capability Theory
2-s2.0-105039971758	10.22194/JGIAS/26.1953	2026	Article	Journal of Global Innovations in Agricultural Sciences	0	Adeel, M.; Afshar, M.S.; Usman, M.; Al Turjman, F.; Abidemi, S.U.	Farmers Toward a Smart and Secure Food Supply: The Role of AI in Agricultural Supply Chain Management
2-s2.0-105035169764	10.3934/energy.2026017	2026	Article	Aims Energy	0	Hussain, S.M.R.; Baig, M.M.A.; Yousuf, M.U.	DVTransformer: A novel approach for multi-step wind power forecasting using spatio-temporal dynamics and predictive strategies
2-s2.0-105041108001	10.3389/feart.2026.1689915	2026	Article	Frontiers in Earth Science	0	He, T.; Wang, L.; Deng, M.	A hybrid deep learning framework for multisource data fusion and super-resolution mapping in AI-powered earth observation applications
2-s2.0-105045296666	10.31910/rudca.v29.n1.2026.2863	2026	Article	Revista U D C A Actualidad and Divulgacion Cientifica	0	Lucio-Mendiola, A.Y.; Martínez-González, E.G.; Aguilar-Gallegos, N.; Romero-García, L.E.; Aguilar-Ávila, J.	E-Commerce in the Agri-Food Sector: Identifying Research Gaps and Future Possibilities
2-s2.0-105034301585	10.3390/engproc2025112081	2026	Article	Engineering Proceedings	1	Farchi, F.; Farchi, C.; Touzi, B.; Mabrouki, C.	A Generic Model Integrating Machine Learning and Lean Six Sigma †
2-s2.0-105040972836	10.1080/02571862.2026.2651686	2026	Article	South African Journal of Plant and Soil	0	Truter, K.J.; Glas, H.; Delport, M.; Meyer, F.H.; Swanepoel, P.A.	Evaluating wheat yield response to management inputs and soil physical properties in the Western Cape province of South Africa
2-s2.0-105015328169	10.1016/j.eja.2025.127818	2026	Article	European Journal of Agronomy	5	Carbajal, M.; Jones, D.; Williams, C.; Nelson, N.G.	In-season yield forecasting using multitemporal remote sensing environmental observations and machine learning: Applications for sweetpotato in North Carolina, USA
2-s2.0-105044682739	10.70102/AEJ.2025.17.4.62	2025	Article	Journal of Animal Environment	0	Prakash, P.; Gambhir, V.; Patil, A.S.; Praharaj, N.K.; Garg, A.	Multiscale Modeling of Pollinator Habitat Restoration Incorporating Taxon-Specific and Regional Conservation Priorities
2-s2.0-105025815023	10.3390/computers14120554	2025	Article	Computers	0	Ljubobratović, D.; Vuković, M.; Brkić Bakarić, M.; Jemrić, T.; Matetić, M.	Comparative Analysis of Neural Network Models for Predicting Peach Maturity on Tabular Data
2-s2.0-105019964863	10.1007/s42488-025-00155-2	2025	Article	Journal of Data Information and Management	13	Yin, F.; Lo, M.C.; Mohamad, A.A.; Sin, K.Y.	The impact of AI applications, information sharing, and supply chain resilience on agricultural supply chain performance
2-s2.0-85219608361	10.1038/s41597-025-04614-8	2025	Article	Scientific Data	9	Wuyun, D.; Sun, L.; Chen, Z.; Ren, T.; Zhao, H.	A 10-meter resolution dataset of abandoned and reclaimed cropland from 2016 to 2023 in Inner Mongolia, China
2-s2.0-105027759310	10.30919/faf1938	2025	Article	Es Food and Agroforestry	0	Redouane, K.; Fikri, Y.; Garine, R.; Batumalay, M.; Jaiswal, J.	An Overview of Artificial Intelligence-Driven Intelligent Agronomy for Sustainable Productivity and Agri-Finance Transformation
2-s2.0-105017952773	10.1016/j.focha.2025.101129	2025	Review	Food Chemistry Advances	5	Terpou, A.; Arvaniti, O.; Afratis, N.; Zahariadis, T.	Sustainability challenges in the bovine sector and the implementation of waste management policies within the EU framework
2-s2.0-105017969003	10.1016/j.rineng.2025.107508	2025	Article	Results in Engineering	3	Posam, S.; Reddy G, L.K.; CM, V.	Automated dairy farm management system powered by IoT and ML
2-s2.0-105031431140	10.18280/jesa.581105	2025	Article	Journal Europeen Des Systemes Automatises	0	Jamil, M.; Rajak, A.; Asriany, S.	Design and Simulation of Smart Food Supply Chains for Island Regions Based on AI-LM Using Long Short-Term Memory (LSTM) Approach
2-s2.0-105024599664	10.18805/ajdfr.DRF-565	2025	Article	Asian Journal of Dairy and Food Research	3	Topi, A.; Sana, M.; Daja, M.; Topi, D.	Applications of Machine Learning Models in Near-infrared Spectroscopy for Small-grain Quality Control
2-s2.0-105029968137	10.5455/ajvs.265570	2025	Article	Alexandria Journal of Veterinary Sciences	1	Abdallah, F.D.M.; Gouda, H.F.	Forecasting Sheep Lamb Productivity Using Short-Term Time Series: A Comparison Of ARIMA, ETS, and Neural Network Autoregressive Models
2-s2.0-105021847359	10.30919/es1808	2025	Article	Engineered Science	7	Sukkuea, A.; Akkajit, P.	Improved Detection and Classification of Precise Behaviors in Group-Housed Pigs Using Deep Learning Models
2-s2.0-105005089552	10.1016/j.agrformet.2025.110632	2025	Article	Agricultural and Forest Meteorology	10	Sabut, A.; Tripathy, K.P.; Mishra, A.; Gao, F.; Cirone, R.	Assessing the impact of climate indices on corn yield in the continental USA using machine learning approach
2-s2.0-105011865066	10.3390/app15147850	2025	Article	Applied Sciences Switzerland	11	Banach, J.K.; Rujna, P.; Lewandowski, B.	Integrated Process-Oriented Approach for Digital Authentication of Honey in Food Quality and Safety Systems—A Case Study from a Research and Development Project
2-s2.0-105010884252	10.6688/JISE.202507_41(4).0002	2025	Article	Journal of Information Science and Engineering	2	Zhang, H.; Lian, Z.	Exploring Agricultural Livestreaming and Agricultural Supply Chain Management Empowered by the Internet of Things and Artificial Intelligence
2-s2.0-105010320352	10.3390/s25134063	2025	Article	Sensors	13	Haque, A.U.; Al Haque, M.A.; Alabduladheem, A.; Almulhim, N.; Srinivasagan, R.	Machine Learning-Based Shelf Life Estimator for Dates Using a Multichannel Gas Sensor: Enhancing Food Security
2-s2.0-105016805303		2025	Article	Sensors and Transducers	0	Guennoun, M.; Bennouna, F.	Digital Transformation and Adoption of Industry 4.0: Challenges, Opportunities and Integration Methodology for Moroccan Companies
2-s2.0-105018779383	10.17582/journal.pjar/2025/38.4.32.43	2025	Article	Pakistan Journal of Agricultural Research	0	Al-Ababneh, H.A.; Banihani, T.; Al-Khawaldeh, F.M.; Al Adwan, M.N.; Khader, J.A.	Optimization Of Supply Chains and Marketing in The Agricultural Sector Using Innovative Technologies
2-s2.0-105006726214	10.33462/jotaf.1491320	2025	Article	Journal of Tekirdag Agricultural Faculty	0	Ağizan, K.; Bayramoğlu, Z.; Doğan, H.G.; Çelik, Y.; Karakayaci, Z.	Evaluation and Potential Analysis of Saving Opportunities in Agricultural Enterprises
2-s2.0-105004705106	10.47738/jads.v6i2.680	2025	Article	Journal of Applied Data Sciences	4	Miralam, M.S.	Towards Developing an AI Random Forest Model Approach Adopted for Sustainable Food Supply Chain under Big Data
2-s2.0-105012197512	10.3303/CET25117026	2025	Article	Chemical Engineering Transactions	2	Cosenza, B.; Miccio, M.; Arshad, A.A.	Enhancing Torrefaction Process Modeling with Data Augmentation: a Study on Agri-Food Residues
2-s2.0-105011625977	10.22092/ijfs.2025.134035	2025	Review	Iranian Journal of Fisheries Sciences	8	Kilinc, I.; Kilinc, B.; Takma, C.; Gevrekci, Y.	Smart tools and artificial intelligence for enhanced quality and safety in agriculture, fisheries, and aquaculture: A review
2-s2.0-105009281834	10.3390/engproc2025084013	2025	Article	Engineering Proceedings	1	Ikasari, D.M.; Suef, M.; Vanany, I.	A Bibliometric Analysis of Risk Management and Sustainability in the Agri-Food Supply Chain: Future Directions †
2-s2.0-105024781980	10.1109/TGRS.2025.3642945	2025	Article	IEEE Transactions on Geoscience and Remote Sensing	2	Yaakov, M.; Takele Muleta, A.; Bamah, J.; Kira, O.	In-Season Corn Yield Prediction Using Satellite-Derived Solar-Induced Chlorophyll Fluorescence and Machine Learning Algorithms
2-s2.0-105023659267	10.51227/ojafr.2025.27	2025	Article	Online Journal of Animal and Feed Research	1	ABD EL-GHANY, W.A.	TYPES AND APPLICATIONS OF INNOVATIVE ARTIFICIAL INTELLIGENCE IN POULTRY FARMS
2-s2.0-105024217407	10.33168/JLISS.2025.0708	2025	Review	Journal of Logistics Informatics and Service Science	1	Le, D.T.A.; Dam, S.M.	Big Data Analytics in Food Supply Chain Management: A Systematic Literature Review
2-s2.0-105043142161	10.38094/jastt605653	2025	Article	Journal of Applied Science and Technology Trends	0	Kumar, R.M.; Sukanya, N.S.; Meenachi, L.; Rohini, V.; Kirubanand, V.B.	Interpretable XAI-Driven Crop Price Prediction System Integrating Climatic and Market Dynamics for Trustworthy and Informed Agricultural Decision-Making
2-s2.0-105025793964	10.15849/IJASCA.251130.05	2025	Article	International Journal of Advances in Soft Computing and Its Applications	0	Santhosh, C.S.; Umesh, K.K.; Khatri, N.	Climatic Intelligence for Coffee: Yield Forecasting in India Using Stochastic Machine Learning and Abiotic Factor Modelling
2-s2.0-105025779958	10.3280/ecag2025oa19420	2025	Article	Economia Agro Alimentare	1	Au-Yong-Oliveira, M.; Marinho, C.; Chkoniya, V.; Vieira, E.S.; Filipe, S.	Sustainable Food Supply Chains in Maritime Ports: A Review Across Management, Economic, and Social Dimensions
2-s2.0-105019653774	10.1109/ACCESS.2025.3623176	2025	Article	IEEE Access	3	Sakib, M.; Ahmed, N.; Mohammad Mithu, A.; Mofazzal Hossain, M.; Ahmed, F.	CHIC-Pain: Integrating Wearable Sensors and Direct Observation to Identify Sickness and Pain Behavior in Broiler Chickens
2-s2.0-105010461979	10.24874/PES07.02.001	2025	Article	Proceedings on Engineering Sciences	1	Jeonghyun, C.	A STUDY ON THE MONITORING MANAGEMENT SYSTEM FOR ANALYZING THE HEALTH STATUS OF LIVESTOCK CATTLE BASED ON MACHINE LEARNING
2-s2.0-105009378030		2025	Article	Journal of Environmental Protection and Ecology	1	Ali, S.M.S.	PROSPECTS OF GENERATIVE ARTIFICIAL INTELLIGENCE IN SUSTAINABLE AGRICULTURE: A GLOBAL PERSPECTIVE
2-s2.0-105007456260	10.17221/371/2024-AGRICECON	2025	Article	Agricultural Economics Czech Republic	1	Urbancováhana.urbancova@vsem.cz, H.; Vrabcová, P.; Madzík, P.; Kocourek, A.	Synergic strategies in reinforcing the pluralistic paradigm, inclusion and diversity as a catalyst for social sustainability focusing on agribusinesses
2-s2.0-105015671464	10.1002/agr.70025	2025	Article	Agribusiness	5	Lawani, A.; de Koff, J.; Muriuki, J.; Ihuhwa, A.-L.	Determinants of Knowledge and Usage of Generative Artificial Intelligence in Agricultural Extension: Evidence From Tennessee Extension Personnel
2-s2.0-105007036779	10.32317/ekon.apk/2.2025.100	2025	Article	Ekonomika Apk	1	Demchuk, O.; Moshkovska, O.; Ihnatenko, T.; Romashko, O.; Kuzub, M.	Cost accounting and costing of crop production in agribusinesses of various forms of ownership
2-s2.0-85207342051	10.17582/journal.aavs/2024/12.12.2301.2314	2024	Article	Advances in Animal and Veterinary Sciences	10	Hasan, M.K.; Mun, H.-S.; Ampode, K.M.B.; Sharifuzzaman, M.; Yang, C.-J.	A Systematic Literature Review on the Uses, Benefits, Challenges, and Prospects of Digital Twins in Livestock Farm Management
2-s2.0-85185968358	10.1007/s11235-024-01106-9	2024	Article	Telecommunication Systems	15	Wang, X.; Jannesari, V.	Towards a crop pest control system based on the Internet of Things and fuzzy logic
2-s2.0-105000119978	10.3390/engproc2024067073	2024	Article	Engineering Proceedings	6	Krishna, P.A.; Padhy, N.; Patnaik, A.	Applying Machine Learning for Sustainable Farm Management: Integrating Crop Recommendations and Disease Identification †
2-s2.0-85196665855	10.1016/bs.afnr.2024.06.009	2024	Article	Advances in Food and Nutrition Research	0	Liu, J.; Bensimon, J.; Lu, X.	Frontiers of machine learning in smart food safety
2-s2.0-85213480897	10.22094/QJIE.2024.1128784	2024	Article	Journal of Optimization in Industrial Engineering	16	Zeynali, F.R.; Hatami, S.; Khameneh, R.T.; Ghanavati-Nejad, M.	Evaluating the performance of the raw material providers based on the customer-based LARG (CLARG) paradigm: A machine learning-based method
2-s2.0-85162041390		2023	Article	Journal of the International Society for Southeast Asian Agricultural Sciences	11	Arkeman, Y.; Hidayah, N.J.; Suharso, A.; Adhzima, F.; Kusuma, T.	IMPLEMENTATION OF ARTIFICIAL INTELLIGENCE AND BLOCKCHAIN IN AGRICULTURAL SUPPLY CHAIN MANAGEMENT
2-s2.0-85145968201	10.1016/j.engappai.2022.105784	2023	Article	Engineering Applications of Artificial Intelligence	18	Nasir, A.; Ullah, M.O.; Yousaf, M.H.	AI in apiculture: A novel framework for recognition of invasive insects under unconstrained flying conditions for smart beehives
2-s2.0-85165275234	10.1109/ACCESS.2023.3295889	2023	Article	IEEE Access	32	Ordonez, J.; Alexopoulos, A.; Koutras, K.; Stefanidis, K.; Martos, V.	Blockchain in Agriculture: A PESTELS Analysis
2-s2.0-85143385322		2022	Article	Journal of Theoretical and Applied Information Technology	5	Vasanthanageswari; Prabhu, P.	IMPROVING SVM CLASSIFIER MODEL USING TREE STRUCTURED PARZEN ESTIMATOR OPTIMIZATION FOR CROP PREDICTION
2-s2.0-85175049332	10.51202/9783181024065-75	2022	Article	VDI Berichte	0	Agrusti, M.; Ceccarelli, M.; Bovo, M.; Torreggiani, D.; Tassinari, P.	Assessment of milk yield loss induced by heat stress in dairy cows Researching the sustainability and the animal welfare
2-s2.0-85144885355		2022	Article	Bulletin of the Georgian National Academy of Sciences	8	Gogichaishvli, G.; Petriashvili, L.; Inaishvili, M.	The Algorithm of Artificial Intelligence for Transportation of Perishable Products
2-s2.0-85130752686	10.24507/icicelb.13.04.405	2022	Article	Icic Express Letters Part B Applications	3	Zin, T.T.; Maung, S.Z.M.; Tin, P.	A DEEP LEARNING METHOD OF EDGE-BASED COW REGION DETECTION AND MULTIPLE LINEAR CLASSIFICATION
2-s2.0-85129211084	10.1007/978-981-16-6210-2_3	2021	Article	Studies in Big Data	0	Begum, N.; Hazarika, M.K.	Artificial Intelligence in Agri-Food Systems—An Introduction
2-s2.0-85085549529	10.17582/journal.pjz/20190527090506	2020	Article	Pakistan Journal of Zoology	3	Boğa, M.; Çevik, K.K.; Burgut, A.	Classifying milk yield using deep neural network
2-s2.0-85084515881		2020	Article	International Journal of Advanced Science and Technology	0	Kiran Kumar, R.; Anji Reddy, K.	An NLP hybrid recommendation system in crop selection for farmers
2-s2.0-85085135948	10.17660/ActaHortic.2020.1278.26	2020	Article	Acta Horticulturae	1	Weddagala, W.M.T.B.; Basnayake, B.M.R.L.; Wijesekara, H.M.L.; Karunaratne, A.S.; De Silva, D.A.M.	Crowd sourcing for value chain management: A case of market decision support system in Sri Lankan agriculture market
2-s2.0-85079477976	10.5373/JARDCS/V12SP1/20201071	2020	Article	Journal of Advanced Research in Dynamical and Control Systems	0	Tapado, B.M.; Palaoag, T.D.	Catanduanes abaca fiber production information base design: A groundwork for GIS-based application
2-s2.0-85053782628	10.1007/s10708-018-9932-x	2019	Article	Geojournal	27	Kpienbaareh, D.; Kansanga, M.; Luginaah, I.	Examining the potential of open source remote sensing for building effective decision support systems for precision agriculture in resource-poor settings
2-s2.0-85067869657		2019	Article	International Journal of Innovative Technology and Exploring Engineering	1	Manjula, A.; Narsimha, G.	An effective soil classification and prediction of crop yield using spatial big data
2-s2.0-85067995912		2019	Article	International Journal of Recent Technology and Engineering	12	Ponraj, A.S.; Vigneswaran, T.	Machine learning approach for agricultural IoT
2-s2.0-85067948874		2019	Article	International Journal of Innovative Technology and Exploring Engineering	1	Andres, R.-B.D.; Gumabay, M.V.N.; Pizarro, J.B.	Multi-platform decision support system for high value crops using a posteriori algorithm
2-s2.0-85063897563	10.17582/journal.pjz/2019.51.2.421.431	2019	Article	Pakistan Journal of Zoology	48	Zaborski, D.; Ali, M.; Eyduran, E.; Waheed, A.; Tirink, C.	Prediction of Selected Reproductive Traits of Indigenous Harnai Sheep under the Farm Management System via various Data Mining Algorithms
2-s2.0-85069527191		2019	Article	Journal of Advanced Research in Dynamical and Control Systems	1	Gururaj, N.; Vinod, V.	Predictive model for fruit maturity grading - A review
